"category","title","url","urlToImage"
"sports","Coronavirus may have been created in a Wuhan lab 'genetic engineering' experiment - Sky News Australia","https://www.skynews.com.au/","https://connect-images.viago.io/w_480,c_scale,e_sharpen:80,q_95/86a409441fc2debebc46f6848b09b342f275e03a5ea5b3aeb7e6df6d269964f1"
"sports","NRL WAG Arabella Del Busso looks VERY different in Instagram photos - Daily Mail","https://www.dailymail.co.uk/tvshowbiz/article-8375481/NRL-WAG-Arabella-Del-Busso-looks-different-Instagram-photos.html","https://i.dailymail.co.uk/1s/2020/06/01/08/29064808-0-image-a-17_1590995344498.jpg"
"sports","Rugby Australia axes more than 40 per cent of staff in effort to stave off insolvency - Wide World of Sports","https://wwos.nine.com.au/rugby/rugby-australia-axe-40-per-cent-of-staff/afa94b13-466e-4e38-9969-d60ed112a2b3","https://imageresizer.static9.net.au/FkMRWoSN2aGBtmoJJhCBsU9z1oU=/0x0/https%3A%2F%2Fprod.static9.net.au%2Ffs%2Fe1b9c705-7f09-47cf-a116-53d62670d0d6"
"sports","EXCLUSIVE: Cameron Smith finally dethroned as best hooker in NRL - Wide World of Sports","https://wwos.nine.com.au/nrl/cameron-smith-dethroned-best-hooker-rugby-league-peter-sterling/7b6704b9-ba6a-4afa-ae20-77795f546db4","https://imageresizer.static9.net.au/aui9Vrytsj6AaXRZxlyTaEwJzd4=/0x0/https%3A%2F%2Fprod.static9.net.au%2Ffs%2Fdc11677b-2a9d-48d1-a8dd-d3235b5b267c"
"sports","Daniel Ricciardo issues plea to solve 'toxic disgrace' - Wide World of Sports","https://wwos.nine.com.au/motorsport/daniel-ricciardo-lewis-hamilton-george-floyd-united-states-race-riots/bb55cc2d-6ae8-4226-b318-b6bcefdf5f2c","https://imageresizer.static9.net.au/h3omgLn1xtzzQvOI7xRybxb0sgA=/0x0/https%3A%2F%2Fprod.static9.net.au%2Ffs%2Fb3c2a772-841f-4b59-95ca-e150080a069c"
"sports","The devastating news that left a superstar in 'utter disbelief' - AFL","https://www.afl.com.au/news/439633/the-devastating-news-that-left-a-superstar-in-utter-disbelief-","https://resources.afl.com.au/afl/photo/2020/05/31/d925f70d-b243-40d2-a8c8-df6898ebd721/nUOzKQDa.jpg"
"sports","SuperCoach AFL: Rookie bible, every cheapie rated for Round 2 - Herald Sun","https://www.heraldsun.com.au/subscribe/news/1/",NA
"sports","Australia’s NRL fan cardboard cut-out scheme turns sour after use of Hitler and mass murderer Harold Shipman - The Guardian","https://amp.theguardian.comsport/2020/jun/01/australia-nrl-fan-in-the-stand-cardboard-cutouts--hitler--mass-murderer-harold-shipman","https://i.guim.co.uk/img/media/80ec78c57a25c58bc9bdf6d7e5a07e68a6084048/0_293_4399_2640/master/4399.jpg?width=1200&height=630&quality=85&auto=format&fit=crop&overlay-align=bottom%2Cleft&overlay-width=100p&overlay-base64=L2ltZy9zdGF0aWMvb3ZlcmxheXMvdGctZGVmYXVsdC5wbmc&enable=upscale&s=3ad297b8c69742656317778e9791136e"
"sports","La Liga is back: Full Barcelona, Real Madrid fixtures list - SBS - The World Game","https://theworldgame.sbs.com.au/la-liga-is-back-full-barcelona-real-madrid-fixtures-list","https://sl.sbs.com.au/public/image/file/5db7db9d-c027-4ede-9fba-ca7632cef3df/crop/16x9"
"sports","Casualty Ward: Every AFL club’s full injury list heading into Round 2 - Fox Sports","https://www.foxsports.com.au/afl/afl-2020-afl-injury-list-casualty-ward-every-teams-injury-news-preround-3-injuries-majak-daw-joe-daniher-tim-taranto/news-story/c516a054f6711419a475f1398473d492","https://cdn.newsapi.com.au/image/v1/190907ba0b04a896672809ad3fc4a0a4"
"sports","More footy, less dead time, more tries: The real impact of new NRL rules revealed - Fox Sports","https://www.foxsports.com.au/nrl/nrl-premiership/more-footy-less-dead-time-more-tries-the-real-impact-of-new-nrl-rules-revealed/news-story/195f4601e2db61a8c43a46ec42a70937","https://cdn.newsapi.com.au/image/v1/67ba562836397ca24f2dc5b23944a844"
"sports","Ex-England striker Crouch reveals Sydney FC approach - The World Game","https://theworldgame.sbs.com.au/ex-england-striker-crouch-reveals-sydney-fc-approach","https://sl.sbs.com.au/public/image/file/9b534558-0143-44fd-9139-f3b28d7c924d/crop/16x9"
"sports","Hooper: $800k Mary fails to take COVID paycut — while his Dragons play like ‘strangers’ - Fox Sports","https://www.foxsports.com.au/nrl/nrl-premiership/teams/dragons/nrl-2020-round-4-dragons-vs-warriors-paul-mcgregor-round-3-reaction-team-news/news-story/b64a79a62f31aaf1c9bb18dfff561ae5","https://cdn.newsapi.com.au/image/v1/b830a54c11740d24abdf8251b17c9e65"
"sports","Lighter, faster, better: Trimmed-down Blue set to explode - AFL","https://www.afl.com.au/news/440795/lighter-faster-better-trimmed-down-blue-set-to-explode","https://resources.afl.com.au/afl/photo/2020/02/27/df3c2560-209a-4ea0-9aa3-badd0ed2ef2f/TR260220GD0004.JPG"
"sports","NRL Tackle: Dally M votes, Likes and Dislikes from Round 3 - Daily Telegraph","https://www.dailytelegraph.com.au/subscribe/news/1/",NA
"sports","Socceroos greats push for Netflix-style 'FFA TV' streaming service - The World Game","https://theworldgame.sbs.com.au/socceroos-greats-push-for-netflix-style-ffa-tv-streaming-service","https://sl.sbs.com.au/public/image/file/de745fbd-a4ab-4466-a6d4-5ea433a2c749/crop/16x9"
"sports","Seton joins DJRTP in Supercars Eseries - Speedcafe","https://www.speedcafe.com/2020/06/01/seton-joins-djrtp-in-supercars-eseries/","https://media2.speedcafe.com/wp-content/uploads/2020/06/Seton_Glenn_Aaron.jpg"
"sports","Once-apolitical Michael Jordan speaks out on race riots sparked by George Floyd death - Wide World of Sports","https://wwos.nine.com.au/basketball/michael-jordan-george-floyd-race-riot-reaction-statement/f52ebb05-395b-4be5-929d-bb840c6de900","https://imageresizer.static9.net.au/q6PttI3puUFemhNOCrOEUmgmQcQ=/0x0/https%3A%2F%2Fprod.static9.net.au%2Ffs%2F32f9f948-b837-4e47-bbd4-e98678f4b974"
"sports","Jon Jones accuses UFC boss Dana White of lying, demands release - Wide World of Sports","https://wwos.nine.com.au/news/ufc-jon-jones-dana-white-lying-accusations-continue/40a3f3a1-646b-4f25-af62-7390198b9ab2","https://imageresizer.static9.net.au/7M2Qa-9NiVqlmfU5PJxT4ZUXCMc=/0x0/https%3A%2F%2Fprod.static9.net.au%2Ffs%2Fc6ce8c81-ff99-4d0e-b186-d8acc8d7a6f0"
"sports","'I haven't touched a bat': Steve Smith returns to training after long break - Sydney Morning Herald","https://www.smh.com.au/sport/cricket/i-haven-t-touch-a-bat-steve-smith-returns-to-training-after-long-break-20200601-p54ybl.html","https://static.ffx.io/images/$zoom_0.2563%2C$multiply_0.7554%2C$ratio_1.777778%2C$width_1059%2C$x_0%2C$y_16/t_crop_custom/q_86%2Cf_auto/663b54b0132d9864997196dd7a8a10e08877cc51"
"entertainment","Influencer Ashley Stock’s daughter dies from brain cancer - NEWS.com.au","https://www.news.com.au/lifestyle/parenting/kids/influencer-ashley-stocks-daughter-dies-from-brain-cancer/news-story/23d9a9ab2ffd021ab940df6602cd649c","https://cdn.newsapi.com.au/image/v1/efdeb914b3eacead4bc9cdd217d1a7b4?width=650"
"entertainment","YouTube star Jake Paul accused of looting stores during US riots - NEWS.com.au","https://www.news.com.au/finance/money/wealth/youtube-star-jake-paul-accused-of-looting-stores-during-us-riots/news-story/bdae9eb144fbd97870efbc06d79f8ca1","https://cdn.newsapi.com.au/image/v1/e8a3ab1b18035f4629878098dcfb5858?width=650"
"entertainment","MasterChef star pulled out of show after new judges revealed - Yahoo Lifestyle Australia","https://au.lifestyle.yahoo.com/masterchef-reynold-poernomo-pulled-out-new-judges-070008265.html","https://s.yimg.com/uu/api/res/1.2/gZ4NIGAXBT.wqnMZ8Jm2DA--~B/aD01NDk7dz05NzY7c209MTthcHBpZD15dGFjaHlvbg--/https://media-mbst-pub-ue1.s3.amazonaws.com/creatr-uploaded-images/2020-06/60a088c0-a3d0-11ea-bfed-eb24d7960508"
"entertainment","Sampling blunder by BTS member serves as cautionary tale for K-pop act going forward - The Korea Herald","http://www.koreaherald.com/view.php?ud=20200601000787","http://res.heraldm.com/content/image/2020/05/22/20200522000547_0.jpg"
"entertainment","YouTube star Myka Stauffer defends ‘rehoming’ adopted autistic son - NEWS.com.au","https://www.news.com.au/lifestyle/real-life/news-life/youtube-star-myka-stauffer-defends-rehoming-adopted-autistic-son/news-story/106ba8207d0b2401a720ceee8fa7d48a","https://cdn.newsapi.com.au/image/v1/46b55fc956c2793d995377e978f7dcfd?width=650"
"entertainment","Christo, Bulgarian-born artist best known for temporary installations, dies in New York - ABC News","https://www.abc.net.au/news/2020-06-01/christo-burgarian-born-artist-died-new-york-age-84/12306908","https://www.abc.net.au/cm/rimage/12307862-16x9-large.jpg?v=2"
"entertainment","David Guetta: DJ’s tone deaf tribute to George Floyd mocked on Twitter - NEWS.com.au","https://www.news.com.au/entertainment/music/david-guettas-tone-deaf-tribute-to-george-floyd-mocked-on-twitter/news-story/bece2385eca798d2cd915a5a3620b17f","https://cdn.newsapi.com.au/image/v1/6bf90fafe4e348726ef3297dfd893d9a?width=650"
"entertainment","Steve Carell's new Netflix satire Space Force fails to launch - Sydney Morning Herald","https://www.smh.com.au/culture/tv-and-radio/steve-carell-s-new-netflix-satire-space-force-fails-to-launch-20200601-p54yak.html","https://static.ffx.io/images/$zoom_0.398%2C$multiply_0.7554%2C$ratio_1.776846%2C$width_1059%2C$x_239%2C$y_140/t_crop_custom/q_86%2Cf_auto/472b3a3fd9e8063009aa32e3ec1645565337aabb"
"entertainment","WWE fans voice disgust over Jeff Hardy drink driving angle, SmackDown - NEWS.com.au","https://www.news.com.au/sport/more-sports/fans-voice-their-disgust-over-jeff-hardy-drink-driving-angle-to-open-show/news-story/d1d2ff5f98f54f4bd51251b0634c241e","https://cdn.newsapi.com.au/image/v1/9034879febf32738ea657fadc5edbc88?width=650"
"entertainment","Bindi Irwin believes paparazzi ruined her 'dream' wedding plans: 'Scaring our wildlife' - 9Celebrity","https://celebrity.nine.com.au/latest/bindi-irwin-dream-wedding-location-paparazzi-move-location/52185df7-f33c-48ee-90de-d8157c793ff3","https://imageresizer.static9.net.au/8oQogjHBuvu7BdF-VdqKYWrXxIA=/0x36:1000x599/1200x628/smart/https%3A%2F%2Fprod.static9.net.au%2Ffs%2Fa79aa2bd-3784-46fe-9ccc-382b96dc7f07"
"entertainment","Chris Hemsworth and Elsa Pataky give a rare look inside Byron Bay mega-mansion - PerthNow","https://www.perthnow.com.au/entertainment/celebrity/chris-hemsworth-and-elsa-pataky-give-a-rare-look-inside-byron-bay-mega-mansion-ng-b881564323z","https://images.perthnow.com.au/publication/B881564323Z/1590986314005_G3N2P8MGJ.2-2.JPG?imwidth=1024"
"entertainment","Big Brother Australia full line-up revealed: Channel Seven announce 20 housemates - Daily Mail","https://www.dailymail.co.uk/tvshowbiz/article-8373417/Big-Brother-Australia-line-revealed-Channel-Seven-announce-20-housemates.html","https://i.dailymail.co.uk/1s/2020/05/31/07/29030480-0-image-a-24_1590904981796.jpg"
"entertainment","The Bachelorette's Angie Kent and Carlin Sterritt spark SPLIT rumours - Daily Mail","https://www.dailymail.co.uk/tvshowbiz/article-8374995/The-Bachelorettes-Angie-Kent-Carlin-Sterritt-spark-SPLIT-rumours.html","https://i.dailymail.co.uk/1s/2020/06/01/01/29055092-0-image-a-43_1590970883339.jpg"
"entertainment","Dead to Me’s Linda Cardellini, Christina Applegate almost starred in Legally Blonde - NEWS.com.au","https://www.news.com.au/entertainment/tv/dead-to-me-stars-linda-cardellini-and-christina-applegate-were-nearly-in-legally-blonde-together/news-story/91a9d4e9dcf1df5d4973fde7d6939b9d","https://cdn.newsapi.com.au/image/v1/4117ccfc2699df8a74b95ff377e4eac0?width=650"
"entertainment","MasterChef contestant Ben Ungermann’s ex-girlfriend Alicia Miller speaks out about his arrest on sexual assault charges - PerthNow","https://www.perthnow.com.au/entertainment/confidential/masterchef-contestant-ben-ungermanns-ex-girlfriend-alicia-miller-speaks-out-about-his-arrest-on-sexual-assault-charges-ng-b881564331z","https://images.perthnow.com.au/publication/B881564331Z/1590979319511_GOT2P8AMH.4-2.jpg?imwidth=1024"
"entertainment","David and Victoria Beckham beef up security at UK home with plans to build an escape tunnel - 9Honey","https://celebrity.nine.com.au/latest/david-beckham-victoria-beckham-plan-build-escape-tunnel-uk-home/d6695201-8171-4008-be8b-ea17b30fe195","https://imageresizer.static9.net.au/RNSnLI9snB-gv3R-FHlwF7qkwKs=/1200x628/smart/https%3A%2F%2Fprod.static9.net.au%2Ffs%2Fc536a910-5b78-477d-b639-fb403353be63"
"entertainment","MasterChef feud that is causing 'a lot of friction and angst after the cameras stop rolling' - Daily Mail","https://www.dailymail.co.uk/tvshowbiz/article-8375039/MasterChef-feud-causing-lot-friction-angst-cameras-stop-rolling.html","https://i.dailymail.co.uk/1s/2020/06/01/01/29055984-0-image-a-22_1590972659484.jpg"
"entertainment","The Voice Australia judges' rumoured salaries are revealed - Daily Mail","https://www.dailymail.co.uk/tvshowbiz/article-8374897/The-Voice-Australia-judges-rumoured-salaries-revealed.html","https://i.dailymail.co.uk/1s/2020/06/01/00/29054626-0-image-a-13_1590969569627.jpg"
"entertainment","The Bachelor US couple Arie Luyendyk Jr. and Lauren Burnham reveal miscarriage - 9Honey","https://celebrity.nine.com.au/latest/arie-luyendyk-jr-lauren-burnham-suffered-miscarriage/81bebeab-62a8-43fe-8c14-2dec4d4fb278","https://imageresizer.static9.net.au/N1SLGOXt4NTe2D0hWxbQ5j_ttc8=/0x60:629x414/1200x628/smart/https%3A%2F%2Fprod.static9.net.au%2Ffs%2Fd7ffb501-77dd-4344-8b6c-aafb97ca8f38"
"entertainment","Melbourne actor Kate Neilson has been traumatised after joining the scary protests in LA - Herald Sun","https://www.heraldsun.com.au/subscribe/news/1/",NA
"health","Biologic treatment for severe asthma listed on PBS - Australian Journal of Pharmacy","https://ajp.com.au/news/biologic-treatment-for-severe-asthma-listed-on-pbs/","https://ajp.com.au/wp-content/uploads/2019/06/woman-trouble-breathing-asthma-1024x682.jpg"
"health","Coronavirus update: Japan considers opening borders to Australia, United States sends Brazil hydroxychloroquine doses - ABC News","https://www.abc.net.au/news/2020-06-01/coronavirus-updates-uk-defends-easing-lockdown/12305848","https://www.abc.net.au/cm/rimage/12228486-16x9-large.jpg?v=2"
"health","Scientists in race to test vaccines - 7NEWS.com.au","https://7news.com.au/news/health/scientists-in-race-to-test-vaccines-c-1072223","https://images.7news.com.au/publication/C-1072223/e15549bd0755987e7d26fee88fb0143fce93c8ee-16x9-x0y0w1280h720.jpg?imwidth=1024"
"health","Chicken farming could lead to apocalyptic virus worse than coronavirus - NEWS.com.au","https://www.news.com.au/lifestyle/health/health-problems/chicken-farming-could-lead-to-apocalyptic-virus-worse-than-coronavirus/news-story/63c87b51da43fd54a76405c8ca279016","https://cdn.newsapi.com.au/image/v1/7d574850520a33f473794c41904bc7e7?width=650"
"health","Findings indicate potential therapeutic interventions for Alzheimer’s and other diseases - News-Medical.Net","https://www.news-medical.net/news/20200601/Findings-indicate-potential-therapeutic-interventions-for-Alzheimere28099s-and-other-diseases.aspx","https://www.news-medical.net/image.axd?picture=2014%2f7%2fProtein-620x480.jpg"
"health","Researchers use optical mapping system to observe the effect of hydroxychloroquine - News-Medical.Net","https://www.news-medical.net/news/20200601/Researchers-use-optical-mapping-system-to-observe-the-effect-of-hydroxychloroquine.aspx","https://www.news-medical.net/image.axd?picture=2017%2f1%2fAnatomy_of_Human_Heart.-Liya_Graphics_5ac9d64765b747899bc4a9ef77468432-620x480.jpg"
"health","Coronavirus seems to be sparing high altitudes - AlKhaleej Today","https://www.alkhaleejtoday.co/international/106618/Coronavirus-seems-to-be-sparing-high-altitudes.html","https://www.alkhaleejtoday.co/temp/resized/medium_2020-06-01-d88acbcfa6.jpg"
"health","Tiny baby who survived coronavirus being hailed as a miracle after 32 days in a coma in a hospital in Rio de Janeiro, Brazil - 7NEWS.com.au","https://7news.com.au/lifestyle/health-wellbeing/tiny-baby-who-survived-coronavirus-being-hailed-as-a-miracle-after-32-days-in-coma-c-1071752","https://images.7news.com.au/publication/C-1071752/b4f3debcadd26b89fb9c83477cc8ece20e49e8be-16x9-x1y0w779h438.jpg?imwidth=1024"
"health","Personal trainer, 33, shares the 15-minute at-home workout that will blast your entire body - Daily Mail","https://www.dailymail.co.uk/femail/article-8374935/Personal-trainer-33-shares-15-minute-home-workout-blast-entire-body.html","https://i.dailymail.co.uk/1s/2020/06/01/01/29055716-0-image-a-2_1590972182811.jpg"
"health","Coronavirus may have been created in a Wuhan lab 'genetic engineering' experiment - Sky News Australia","https://www.youtube.com/watch?v=_TB9WLxs0cA","https://i.ytimg.com/vi/_TB9WLxs0cA/maxresdefault.jpg"
"health","Heart stopping side-effect fears from COVID-19 for Ballarat - Bendigo Advertiser","https://www.thecourier.com.au/story/6775460/heart-stopping-side-effect-fears-from-covid-19-for-ballarat/?cs=2599","https://nnimgt-a.akamaihd.net/transform/v1/crop/frm/XBHRDThPr8rZ8LC4FzPP7b/8dffb655-07df-41ce-871e-1ad2186144ae.JPG/r0_29_792_476_w1200_h678_fmax.jpg"
"health","Mount Isa artist new work on diabetes impact to First Nations - The North West Star","https://www.northweststar.com.au/story/6776802/mount-isa-artist-new-work-on-diabetes-impact-to-first-nations/","https://nnimgt-a.akamaihd.net/transform/v1/crop/frm/Y5kUJ9Q7iPMNzBC9i5WqCU/1c1f7105-72da-46f6-8fb5-c2c3e0f0c9b0.png/r0_3_356_204_w1200_h678_fmax.jpg"
"health","Pregnant in a pandemic? If you're stressed, there's help - The Conversation AU","https://theconversation.com/pregnant-in-a-pandemic-if-youre-stressed-theres-help-138825","https://images.theconversation.com/files/338440/original/file-20200529-51496-1u7d2op.jpg?ixlib=rb-1.1.0&rect=1%2C26%2C997%2C498&q=45&auto=format&w=1356&h=668&fit=crop"
"health","Welcome back to our libraries - Wollongong - Mirage News","https://www.miragenews.com/welcome-back-to-our-libraries-wollongong/","https://cdn1.miragenews.com/wp-content/uploads/2019/04/newsdevelopments-image.jpg"
"health","World Health Organisation admits it never probed Chinese wet markets or labs - Sky News Australia","https://www.youtube.com/watch?v=3fbSiOjI48o","https://i.ytimg.com/vi/3fbSiOjI48o/maxresdefault.jpg"
"health","Coronavirus NSW update: Positive signs despite another increase in COVID-19 cases - 7NEWS.com.au","https://7news.com.au/lifestyle/health-wellbeing/positive-signs-despite-another-increase-in-nsw-covid-19-cases-c-1071470","https://images.7news.com.au/publication/C-1071470/937b95378f0b88655da046c3789954157cf5d234-16x9-x0y146w3205h1803.jpg?imwidth=1024"
"health","Could taking hydroxychloroquine be more harmful than helpful? - UNSW Newsroom","https://newsroom.unsw.edu.au/news/health/could-taking-hydroxychloroquine-be-more-harmful-helpful","https://newsroom.unsw.edu.au/sites/default/files/thumbnails/image/a_bottle_of_hydroxychloroquine_0_1.jpg"
"health","Ruby Princess passengers cop another health warning after crew member diagnosed with TB - Travel Weekly","https://www.travelweekly.com.au/article/ruby-princess-passengers-cop-another-health-warning-after-crew-member-diagnosed-with-tb/","https://www.travelweekly.com.au/wp-content/uploads/2020/04/iStock-1195904108.jpg"
"health","New study shows how ketamine combats depression - EurekAlert","https://www.eurekalert.org/pub_releases/2020-05/ki-nss052820.php","https://www.eurekalert.org/multimedia/res/web/233128_web.jpg"
"health","ADA warns tobacco users: don't risk oral cancer through tobacco use - Bite magazine","https://bitemagazine.com.au/ada-warns-tobacco-users-dont-risk-oral-cancer-through-tobacco-use/","https://bitemagazine.com.au/wp-content/uploads/2020/06/quit-smoking.jpg"
"business","Aussie dollar surges as investors focus on recovery from pandemic - Reuters","https://www.reuters.com/article/us-global-forex-idUSKBN2380ZA","https://s3.reutersmedia.net/resources/r/?m=02&d=20200601&t=2&i=1520588726&w=1200&r=LYNXMPEG5013J"
"business","Qantas rejects claims its stake in competitor Alliance Aviation is against market competition - 9News","https://www.9news.com.au/national/qantas-alliance-aviation-stake-finance-accc-investigation-market-competition-flight-carriers-airlines/1052a2b6-982c-436a-b813-07aaed4177d7","https://imageresizer.static9.net.au/MSoKzoRydWc4y9zjdN7Nz74rmBA=/0x502:5103x3373/1200x628/smart/https%3A%2F%2Fprod.static9.net.au%2Ffs%2F07258c95-7bf7-415c-af9d-6af5851df7d6"
"business","Coles and Woolworths defend using covert cameras to film customers at self-serve checkouts - Daily Mail","https://www.dailymail.co.uk/news/article-8375169/Coles-Woolworths-defend-using-covert-cameras-film-customers-self-serve-checkouts.html","https://i.dailymail.co.uk/1s/2020/06/01/04/29059222-0-image-a-6_1590980884242.jpg"
"business","I think these 2 ASX 200 shares will beat the market - Motley Fool Australia","https://www.fool.com.au/2020/06/01/i-think-these-2-asx-200-shares-will-beat-the-market/","https://www.fool.com.au/wp-content/uploads/2020/03/On-watch-16.9-600x337.jpg"
"business","I don't normally buy ETFs, but I would buy these 2 - Motley Fool Australia","https://www.fool.com.au/2020/06/01/i-dont-normally-buy-etfs-but-i-would-buy-these-2/","https://www.fool.com.au/wp-content/uploads/2017/07/Exchange-Traded-Fund-16.9-600x337.jpg"
"business","AEMO pushes for minimum standards for solar, battery storage and EVs - RenewEconomy","https://reneweconomy.com.au/aemo-pushes-for-minimum-standards-for-solar-battery-storage-and-evs-31845/","https://reneweconomy.com.au/wp-content/uploads/2019/11/rooftop-solar-suburb-rebate-victoria-optimised.jpg"
"business","'It's amazing': Aussie company Atlassian software crucial to SpaceX launch - The Australian","https://www.theaustralian.com.au/subscribe/news/1/",NA
"business","eBay wants to save you money on groceries in June with Coles deal - NEWS.com.au","https://www.news.com.au/best-of/home/ebay-australia-want-to-save-you-money-on-your-grocery-shop-in-june/news-story/66650cd214602bc3527f3f081fec24d4","https://cdn.newsapi.com.au/image/v1/b085037b52058c9c93670091539cabd0?width=650"
"business","Amateur chef shares her recipe for slow-cooked beef pies - Daily Mail","https://www.dailymail.co.uk/femail/article-8375085/Amateur-chef-shares-recipe-slow-cooked-beef-pies.html","https://i.dailymail.co.uk/1s/2020/06/01/01/29056224-0-image-a-6_1590973091878.jpg"
"business","RAM 1400 truck recall: Thousands of utes recalled over manufacturing defect - 7NEWS.com.au","https://7news.com.au/news/recalls/thousands-of-utes-recalled-over-manufacturing-defect-c-1072006","https://images.7news.com.au/publication/C-1072006/cdb93789a10405d169526f87bc84335bc21a666b-16x9-x0y0w1920h1080.jpg?imwidth=1024"
"business","3 ASX biotech shares that have soared higher today - Motley Fool Australia","https://www.fool.com.au/2020/06/01/3-asx-biotech-shares-that-have-soared-higher-today/","https://www.fool.com.au/wp-content/uploads/2020/06/Biotech-shares-16.9-600x337.jpg"
"business","Big Queensland pubs to reopen for weekend after months of COVID-19 shutdown - Courier Mail","https://www.couriermail.com.au/subscribe/news/1/",NA
"business","Some of Australia's most beloved chocolates including Snickers and Maltesers being made in CHINA - Daily Mail","https://www.dailymail.co.uk/news/article-8374817/Some-Australias-beloved-chocolates-including-Snickers-Maltesers-CHINA.html","https://i.dailymail.co.uk/1s/2020/06/01/03/29053118-0-image-a-2_1590980377444.jpg"
"business","Superannuation withdrawals spent on gambling, alcohol, takeaway food: report - ABC News","https://www.abc.net.au/news/2020-06-01/superannuation-withdrawals-spent-on-gambling-alcohol-takeaway/12306710","https://www.abc.net.au/cm/rimage/12194454-16x9-large.jpg?v=2"
"business","Report: Renault Could Make Alpine Go Electric-Only To Save The Brand - Gizmodo Australia","https://www.gizmodo.com.au/2020/06/report-renault-could-make-alpine-go-electric-only-to-save-the-brand/","https://www.gizmodo.com.au/content/uploads/sites/2/2020/06/01/brdzaaebh9huisax64fr-1024x576.jpg"
"business","Service station on Stuart Highway in Darwin closing down - NT News","https://www.ntnews.com.au/subscribe/news/1/",NA
"business","Westpac chief economist Bill Evans predicts Australia could have negative interest rates from COVID - Daily Mail","https://www.dailymail.co.uk/news/article-8374895/Westpac-chief-economist-Bill-Evans-predicts-Australia-negative-rates-COVID.html","https://i.dailymail.co.uk/1s/2020/06/01/00/29053820-0-image-a-2_1590968073976.jpg"
"business","This ASX fintech share is up 489% since March - Motley Fool Australia","https://www.fool.com.au/2020/06/01/this-asx-fintech-share-is-up-489-since-march/","https://www.fool.com.au/wp-content/uploads/2020/06/buy-now-pay-later-4-600x337.jpg"
"business","Red Rooster, Hungry Jacks shamed as most unhealthy fast food - NEWS.com.au","https://www.news.com.au/lifestyle/health/diet/red-rooster-hungry-jacks-shamed-as-most-unhealthy-fast-food/news-story/0dfccbc75868c1e4dfd49aabb82a92ba","https://cdn.newsapi.com.au/image/v1/4dbb5ce478ac7966b23fa7058325d238?width=650"
"business","Openpay share price surges 29% higher after BNPL provider reports record month - Motley Fool Australia","https://www.fool.com.au/2020/06/01/openpay-share-price-surges-29-higher-after-bnpl-provider-reports-record-month/","https://www.fool.com.au/wp-content/uploads/2019/04/Payment-Technology-16.9-600x337.jpg"
